{
  "accuracy": 0.995560816809707,
  "confusion_matrix": [
    [
      1685,
      4
    ],
    [
      11,
      1679
    ]
  ],
  "classification_report": {
    "-1": {
      "precision": 0.9935141509433962,
      "recall": 0.9976317347542925,
      "f1-score": 0.9955686853766618,
      "support": 1689.0
    },
    "1": {
      "precision": 0.9976232917409388,
      "recall": 0.993491124260355,
      "f1-score": 0.9955529202490365,
      "support": 1690.0
    },
    "accuracy": 0.995560816809707,
    "macro avg": {
      "precision": 0.9955687213421676,
      "recall": 0.9955614295073237,
      "f1-score": 0.9955608028128491,
      "support": 3379.0
    },
    "weighted avg": {
      "precision": 0.995569329383126,
      "recall": 0.995560816809707,
      "f1-score": 0.9955608004800395,
      "support": 3379.0
    }
  },
  "balanced_accuracy": 0.9955614295073237,
  "cohen_kappa": 0.9911216437282124,
  "mcc": 0.991130150822668,
  "log_loss": 0.037776419147345655,
  "brier_score": null,
  "top_3_accuracy": null,
  "oob_score": null
}