{
  "accuracy": 0.995560816809707,
  "confusion_matrix": [
    [
      1685,
      4
    ],
    [
      11,
      1679
    ]
  ],
  "classification_report": {
    "-1": {
      "precision": 0.9935141509433962,
      "recall": 0.9976317347542925,
      "f1-score": 0.9955686853766618,
      "support": 1689.0
    },
    "1": {
      "precision": 0.9976232917409388,
      "recall": 0.993491124260355,
      "f1-score": 0.9955529202490365,
      "support": 1690.0
    },
    "accuracy": 0.995560816809707,
    "macro avg": {
      "precision": 0.9955687213421676,
      "recall": 0.9955614295073237,
      "f1-score": 0.9955608028128491,
      "support": 3379.0
    },
    "weighted avg": {
      "precision": 0.995569329383126,
      "recall": 0.995560816809707,
      "f1-score": 0.9955608004800395,
      "support": 3379.0
    }
  },
  "balanced_accuracy": 0.9955614295073237,
  "cohen_kappa": 0.9911216437282124,
  "mcc": 0.991130150822668,
  "log_loss": 0.037776419147345655,
  "brier_score": 0.006374607872151524,
  "top_3_accuracy": null,
  "permutation_importance": {
    "importances_mean": [
      0.0,
      -2.9594554601952706e-05,
      5.918910920390541e-05,
      0.000503107428233196,
      -0.00011837821840781082,
      0.0005622965374371014,
      8.878366380585812e-05,
      -5.918910920390541e-05,
      0.0003551346552234325,
      0.008907960935187897,
      5.918910920390541e-05,
      0.00014797277300976353,
      0.0,
      0.0,
      -0.00011837821840781082,
      -0.00014797277300976353,
      0.00017756732761171624,
      0.0,
      -0.00014797277300976353,
      0.00023675643681562165,
      5.918910920390541e-05,
      -0.0005918910920390541,
      0.00014797277300976353,
      0.00038472920982538514,
      -0.00017756732761171624,
      -0.00020716188221366893,
      -0.00029594554601952705,
      0.00011837821840781082,
      0.0014797277300976353,
      5.918910920390541e-05,
      -2.9594554601952706e-05,
      -0.00020716188221366893,
      8.878366380585812e-05,
      0.09724770642201833,
      0.13755548978987864,
      0.11423498076353948,
      0.0678899082568807
    ],
    "importances_std": [
      0.0,
      0.00015937155392525617,
      0.00011837821840781082,
      0.00023114086048850292,
      0.000329551012893159,
      0.00036124757667160346,
      0.00013561928662195197,
      0.00011837821840781082,
      0.00025799934557801685,
      0.0015851745180043893,
      0.00022146536766936217,
      0.0003308771792689774,
      0.0003241921026961564,
      0.0003241921026961564,
      0.000301806422822888,
      0.00014797277300976353,
      0.00019630806690472565,
      0.0,
      0.00014797277300976353,
      0.00022146536766936217,
      0.00017756732761171621,
      0.0004584768684471556,
      0.0003032539439467125,
      0.00029742159281209555,
      0.00027123857324390393,
      0.0001894976098677932,
      0.0002647017434151819,
      0.0001449831158794397,
      0.0006207806144836534,
      0.00011837821840781082,
      8.878366380585811e-05,
      0.00013561928662195197,
      0.00013561928662195197,
      0.0016112053967228563,
      0.003657772016686684,
      0.0015148249650274957,
      0.002680554453796793
    ],
    "result_obj": {
      "importances_mean": [
        0.0,
        -2.9594554601952706e-05,
        5.918910920390541e-05,
        0.000503107428233196,
        -0.00011837821840781082,
        0.0005622965374371014,
        8.878366380585812e-05,
        -5.918910920390541e-05,
        0.0003551346552234325,
        0.008907960935187897,
        5.918910920390541e-05,
        0.00014797277300976353,
        0.0,
        0.0,
        -0.00011837821840781082,
        -0.00014797277300976353,
        0.00017756732761171624,
        0.0,
        -0.00014797277300976353,
        0.00023675643681562165,
        5.918910920390541e-05,
        -0.0005918910920390541,
        0.00014797277300976353,
        0.00038472920982538514,
        -0.00017756732761171624,
        -0.00020716188221366893,
        -0.00029594554601952705,
        0.00011837821840781082,
        0.0014797277300976353,
        5.918910920390541e-05,
        -2.9594554601952706e-05,
        -0.00020716188221366893,
        8.878366380585812e-05,
        0.09724770642201833,
        0.13755548978987864,
        0.11423498076353948,
        0.0678899082568807
      ],
      "importances_std": [
        0.0,
        0.00015937155392525617,
        0.00011837821840781082,
        0.00023114086048850292,
        0.000329551012893159,
        0.00036124757667160346,
        0.00013561928662195197,
        0.00011837821840781082,
        0.00025799934557801685,
        0.0015851745180043893,
        0.00022146536766936217,
        0.0003308771792689774,
        0.0003241921026961564,
        0.0003241921026961564,
        0.000301806422822888,
        0.00014797277300976353,
        0.00019630806690472565,
        0.0,
        0.00014797277300976353,
        0.00022146536766936217,
        0.00017756732761171621,
        0.0004584768684471556,
        0.0003032539439467125,
        0.00029742159281209555,
        0.00027123857324390393,
        0.0001894976098677932,
        0.0002647017434151819,
        0.0001449831158794397,
        0.0006207806144836534,
        0.00011837821840781082,
        8.878366380585811e-05,
        0.00013561928662195197,
        0.00013561928662195197,
        0.0016112053967228563,
        0.003657772016686684,
        0.0015148249650274957,
        0.002680554453796793
      ],