{
  "accuracy": 0.995560816809707,
  "confusion_matrix": [
    [
      1686,
      3
    ],
    [
      12,
      1678
    ]
  ],
  "classification_report": {
    "-1": {
      "precision": 0.9929328621908127,
      "recall": 0.9982238010657194,
      "f1-score": 0.995571302037201,
      "support": 1689.0
    },
    "1": {
      "precision": 0.9982153480071386,
      "recall": 0.9928994082840237,
      "f1-score": 0.995550281815485,
      "support": 1690.0
    },
    "accuracy": 0.995560816809707,
    "macro avg": {
      "precision": 0.9955741050989757,
      "recall": 0.9955616046748715,
      "f1-score": 0.995560791926343,
      "support": 3379.0
    },
    "weighted avg": {
      "precision": 0.9955748867630502,
      "recall": 0.995560816809707,
      "f1-score": 0.9955607888159225,
      "support": 3379.0
    }
  },
  "balanced_accuracy": 0.9955616046748715,
  "cohen_kappa": 0.9911216468386074,
  "mcc": 0.9911357096950182,
  "log_loss": 0.03860496421550595,
  "brier_score": 0.006236756436815626,
  "permutation_importance": {
    "importances_mean": [
      -0.00026635099141757433,
      0.0,
      0.00020716188221366893,
      8.878366380585812e-05,
      0.00017756732761171624,
      0.0004439183190292906,
      0.00023675643681562165,
      8.878366380585812e-05,
      0.0007990529742527231,
      0.005327019828351565,
      0.00014797277300976353,
      0.00029594554601952705,
      0.0004439183190292906,
      5.918910920390541e-05,
      -0.0004439183190292906,
      -0.00014797277300976353,
      0.00026635099141757433,
      0.00014797277300976353,
      0.00041432376442733786,
      -0.00014797277300976353,
      5.918910920390541e-05,
      -8.878366380585812e-05,
      0.0003551346552234325,
      5.918910920390541e-05,
      -2.9594554601952706e-05,
      5.918910920390541e-05,
      -2.9594554601952706e-05,
      0.00032554010062147977,
      0.0014797277300976353,
      0.0,
      0.0005918910920390541,
      -8.878366380585812e-05,
      0.0,
      0.09786919206865934,
      0.13799940810890796,
      0.11426457531814141,
      0.06780112459307483
    ],
    "importances_std": [
      0.00020716188221366896,
      0.0,
      0.00013561928662195197,
      0.00029742159281209555,
      0.00019630806690472565,
      0.00040252946163762054,
      0.00017756732761171621,
      0.00018949760986779323,
      0.0002663509914175744,
      0.001042131805957933,
      0.00019852630756138644,
      0.0002292384342235778,
      0.00042372953723812055,
      0.00025799934557801685,
      0.00014797277300976353,
      0.00019852630756138644,
      8.878366380585812e-05,
      0.00014797277300976353,
      0.0001449831158794397,
      0.00014797277300976353,
      0.00011837821840781082,
      0.00029742159281209555,
      0.00017756732761171624,
      0.00017756732761171621,
      0.00015937155392525617,
      0.00011837821840781082,
      8.878366380585811e-05,
      0.0001593715539252562,
      0.0006617543585379548,
      0.0,
      0.0,
      0.00013561928662195197,
      0.0,
      0.0017955384802743545,
      0.0033009538551813447,
      0.0016816895703078317,
      0.002635245116245484
    ]
  }
}