{
  "accuracy": 0.99709386806161,
  "confusion_matrix": [
    [
      1718,
      2
    ],
    [
      8,
      1713
    ]
  ],
  "classification_report": {
    "-1": {
      "precision": 0.9953650057937428,
      "recall": 0.9988372093023256,
      "f1-score": 0.9970980847359258,
      "support": 1720.0
    },
    "1": {
      "precision": 0.9988338192419826,
      "recall": 0.9953515398024404,
      "f1-score": 0.9970896391152503,
      "support": 1721.0
    },
    "accuracy": 0.99709386806161,
    "macro avg": {
      "precision": 0.9970994125178627,
      "recall": 0.997094374552383,
      "f1-score": 0.997093861925588,
      "support": 3441.0
    },
    "weighted avg": {
      "precision": 0.9970999165593403,
      "recall": 0.99709386806161,
      "f1-score": 0.9970938606983836,
      "support": 3441.0
    }
  },
  "balanced_accuracy": 0.997094374552383,
  "cohen_kappa": 0.9941877415229029,
  "mcc": 0.994193787057481,
  "log_loss": 0.03140020807981953,
  "brier_score": 0.004838448125544899,
  "permutation_importance": {
    "importances_mean": [
      0.00037779715199076636,
      0.00020342923568733573,
      0.0009590235396687685,
      0.00017436791630343063,
      0.00046498111014243727,
      0.00026155187445514594,
      0.0007265329845975721,
      0.0029642545771578544,
      0.00017436791630343063,
      0.00026155187445514594,
      0.00037779715199076636,
      0.0008427782621331703,
      0.00031967451322295615,
      0.00034873583260686125,
      0.00011624527753562042,
      0.00029061319383905104,
      1.1102230246251566e-17,
      0.00017436791630343063,
      8.718395815172641e-05,
      0.001133391455972177,
      5.812263876781021e-05,
      0.08904388259226974,
      0.14827085149665803,
      0.11249636733507704,
      0.06707352513804131
    ],
    "importances_std": [
      0.00018608323851885983,
      0.00018608323851885983,
      0.0001860832385188373,
      0.0002324905550712408,
      0.0004150786648383153,
      0.00024140144908222977,
      0.00014530659691947,
      0.0008699000027373278,
      0.000142370807485243,
      8.718395815171533e-05,
      0.0002920626451938717,
      0.00027416393874038806,
      0.00024140144908222977,
      0.00017436791630343063,
      0.000142370807485243,
      0.0001837999221254828,
      0.00012996617131646343,
      0.000142370807485243,
      0.00022697616029954611,
      0.00030340908192125855,
      0.00011624527753562043,
      0.002961404057624408,
      0.003806478193556058,
      0.0022751505406625695,
      0.0012852859277823908
    ]
  }
}